software_id+input_number,compatible_dataset_ids,software_name,input_name,compatible_dataset_names
http://doi.org/10.5281/zenodo.1216165:inputs[1],{},VirFinder,Biological Sequence Data,{}
http://doi.org/10.5281/zenodo.1216167:inputs[1],{},VirHostMatcher,Biological Sequence Data,{}
http://doi.org/10.5281/zenodo.1216167:inputs[2],{},VirHostMatcher,Taxonomy of the Hosts,{}
http://doi.org/10.5281/zenodo.1216178:inputs[1],{},CAFE,Biological Sequence Data,{}
http://doi.org/10.5281/zenodo.1217176:inputs[1],{},d2sBin,Biological Sequence Data,{}
http://doi.org/10.5281/zenodo.192509:inputs[1],{},FluSight,Disease Forecasting Data,{}
http://doi.org/10.5281/zenodo.2575743:inputs[1],{MDC:allegheny-count-ed-visits-pds-set1},Multiple Outbreak Detection System (MODS),Disease Surveillance Data,{Allegheny County ED Visits for Probabilistic Disease Surveillance Set 1 (2008-2015 w/ Topaz extracted findings)}
http://doi.org/10.5281/zenodo.2575745:inputs[1],"{10.5281/zenodo.2583145,10.5281/zenodo.2644020,10.5281/zenodo.2583143,10.5281/zenodo.2583216,10.5281/zenodo.2643814}",Count Multiple Outbreak Detection System (CMODS),Weekly ILI Surveillance Data,"{FluView Interactive Data 2015-2016,ILINet 2018 HHS Region 1 Outpatient Illness and Viral Surveillance Data - Epidemiological Week 40,FluView Interactive Data 2016-2017,FluView Interactive Data 2017-2018,ILINet 2018 National Outpatient Illness and Viral Surveillance Data - Epidemiological Week 40}"
http://doi.org/10.5281/zenodo.2652501:inputs[1],{},epidata2ilinet,Disease Surveillance Data,{}
http://doi.org/10.5281/zenodo.268028:inputs[1],"{10.5281/zenodo.2642246,10.5281/zenodo.2642242,10.5281/zenodo.2642260}",Apollo FluTE,Synthetic Ecosystem,"{Seattle,Los Angeles County,United States of America (the)}"
http://doi.org/10.5281/zenodo.268028:inputs[2],{http://doi.org/10.5281/zenodo.580104},Apollo FluTE,Model Parameters,"{2009, Allegheny, Pennsylvania, United States of America, 2009 H1N1 Allegheny County R0 = 1.3, H1N1}"
http://doi.org/10.5281/zenodo.268051:inputs[1],"{http://www.epimodels.org/drupal/?q=node/80,http://www.epimodels.org/drupal/?q=node/81}",pFRED,Synthetic Ecosystem,"{2010 U.S. Synthetic Populations by State,2010 U.S. Synthetic Populations by County}"
http://doi.org/10.5281/zenodo.268051:inputs[2],{http://doi.org/10.5281/zenodo.580104},pFRED,Model Parameters,"{2009, Allegheny, Pennsylvania, United States of America, 2009 H1N1 Allegheny County R0 = 1.3, H1N1}"
http://doi.org/10.5281/zenodo.268504:inputs[1],"{http://www.epimodels.org/drupal/?q=node/80,http://www.epimodels.org/drupal/?q=node/81}",FRED Windows 64,Synthetic Ecosystem,"{2010 U.S. Synthetic Populations by State,2010 U.S. Synthetic Populations by County}"
http://doi.org/10.5281/zenodo.268504:inputs[2],{},FRED Windows 64,Model Parameters,{}
http://doi.org/10.5281/zenodo.319937:inputs[1],{http://doi.org/10.5281/zenodo.580104},Pitt-SEIR model,Model Parameters,"{2009, Allegheny, Pennsylvania, United States of America, 2009 H1N1 Allegheny County R0 = 1.3, H1N1}"
http://doi.org/10.5281/zenodo.322422:inputs[1],{},CLARA,Model and Experiment Configuration,{}
http://doi.org/10.5281/zenodo.437560:inputs[1],{},EpiCaseMap,Disease Surveillance Data,{}
http://doi.org/10.5281/zenodo.439078:inputs[1],{http://doi.org/10.5281/zenodo.580104},Pitt-Anthrax model,Model Parameters,"{2009, Allegheny, Pennsylvania, United States of America, 2009 H1N1 Allegheny County R0 = 1.3, H1N1}"
http://doi.org/10.5281/zenodo.546197:inputs[1],"{http://doi.org/10.5281/zenodo.574006,http://doi.org/10.5281/zenodo.574014,http://doi.org/10.5281/zenodo.574024,http://doi.org/10.5281/zenodo.574004,http://doi.org/10.5281/zenodo.574025,http://doi.org/10.5281/zenodo.574016,http://doi.org/10.5281/zenodo.573981,http://doi.org/10.5281/zenodo.573997,http://doi.org/10.5281/zenodo.573980,http://doi.org/10.5281/zenodo.573988,http://doi.org/10.5281/zenodo.574013,http://doi.org/10.5281/zenodo.573989,http://doi.org/10.5281/zenodo.574011,http://doi.org/10.5281/zenodo.574021,http://doi.org/10.5281/zenodo.574000,http://doi.org/10.5281/zenodo.573990,http://doi.org/10.5281/zenodo.574022,http://doi.org/10.5281/zenodo.574017,http://doi.org/10.5281/zenodo.574001,http://doi.org/10.5281/zenodo.574003,http://doi.org/10.5281/zenodo.573978,http://doi.org/10.5281/zenodo.573985,http://doi.org/10.5281/zenodo.573999,http://doi.org/10.5281/zenodo.573987,http://doi.org/10.5281/zenodo.574010,http://doi.org/10.5281/zenodo.574007,http://doi.org/10.5281/zenodo.574018,http://doi.org/10.5281/zenodo.573992,http://doi.org/10.5281/zenodo.574020,http://doi.org/10.5281/zenodo.574028,http://doi.org/10.5281/zenodo.573996,http://doi.org/10.5281/zenodo.574019,http://doi.org/10.5281/zenodo.573998,http://doi.org/10.5281/zenodo.574026,http://doi.org/10.5281/zenodo.574002,http://doi.org/10.5281/zenodo.573984,http://doi.org/10.5281/zenodo.574027,http://doi.org/10.5281/zenodo.573995,http://doi.org/10.5281/zenodo.573994,http://doi.org/10.5281/zenodo.574009,http://doi.org/10.5281/zenodo.574023,http://doi.org/10.5281/zenodo.574008,http://doi.org/10.5281/zenodo.574005,http://doi.org/10.5281/zenodo.573991,http://doi.org/10.5281/zenodo.574012,http://doi.org/10.5281/zenodo.574015,http://doi.org/10.5281/zenodo.573986,http://doi.org/10.5281/zenodo.573983,http://doi.org/10.5281/zenodo.573993,http://doi.org/10.5281/zenodo.573982,http://doi.org/10.5281/zenodo.573979}",spew2synthia,Synthetic Ecosystem,"{Nevada Synthetic Ecosystem,Oklahoma Synthetic Ecosystem,Virginia Synthetic Ecosystem,Montana Synthetic Ecosystem,Washington Synthetic Ecosystem,Pennsylvania Synthetic Ecosystem,Arkansas Synthetic Ecosystem,Maine Synthetic Ecosystem,Arizona Synthetic Ecosystem,Georgia Synthetic Ecosystem,Ohio Synthetic Ecosystem,Hawaii Synthetic Ecosystem,North Carolina Synthetic Ecosystem,Texas Synthetic Ecosystem,Michigan Synthetic Ecosystem,Idaho Synthetic Ecosystem,Utah Synthetic Ecosystem,Rhode Island Synthetic Ecosystem,Minnesota Synthetic Ecosystem,Missouri Synthetic Ecosystem,Alabama Synthetic Ecosystem,Delaware Synthetic Ecosystem,Massachusetts Synthetic Ecosystem,Florida Synthetic Ecosystem,New York Synthetic Ecosystem,New Hampshire Synthetic Ecosystem,South Carolina Synthetic Ecosystem,Indiana Synthetic Ecosystem,Tennessee Synthetic Ecosystem,Wyoming Synthetic Ecosystem,Louisiana Synthetic Ecosystem,South Dakota Synthetic Ecosystem,Maryland Synthetic Ecosystem,West Virginia Synthetic Ecosystem,Mississippi Synthetic Ecosystem,Connecticut Synthetic Ecosystem,Wisconsin Synthetic Ecosystem,Kentucky Synthetic Ecosystem,Kansas Synthetic Ecosystem,New Mexico Synthetic Ecosystem,Vermont Synthetic Ecosystem,New Jersey Synthetic Ecosystem,Nebraska Synthetic Ecosystem,Illinois Synthetic Ecosystem,North Dakota Synthetic Ecosystem,Oregon Synthetic Ecosystem,District of Columbia Synthetic Ecosystem,Colorado Synthetic Ecosystem,Iowa Synthetic Ecosystem,California Synthetic Ecosystem,Alaska Synthetic Ecosystem}"
http://doi.org/10.5281/zenodo.800704:inputs[1],{},Apollo LS database - web app and API,Spatial Information,{}
MDC:apollo-library-viewer-v4.0.1:inputs[1],{},Apollo Library Viewer,Disease Surveillance Data,{}
MDC:epidata-api-commit7367f92:inputs[1],{},Epi-Data API,Temporal and Spatial Specifications,{}
MDC:epivis-v38-commit9577ecb:inputs[1],{},EpiVis,Disease Surveillance Data,{}
MDC:FluSight10:inputs[1],"{10.5281/zenodo.2643814,10.5281/zenodo.2583145,10.5281/zenodo.2583143,10.5281/zenodo.2583216,10.5281/zenodo.2644020}","EmpiricalBayes1 - Empirical Bayes, conditioning on past 4 wk",Disease Surveillance Data,"{ILINet 2018 National Outpatient Illness and Viral Surveillance Data - Epidemiological Week 40,FluView Interactive Data 2015-2016,FluView Interactive Data 2016-2017,FluView Interactive Data 2017-2018,ILINet 2018 HHS Region 1 Outpatient Illness and Viral Surveillance Data - Epidemiological Week 40}"
MDC:FluSight10:inputs[2],"{10.5281/zenodo.2643814,10.5281/zenodo.2583216,10.5281/zenodo.2644020,10.5281/zenodo.2583143,10.5281/zenodo.2583145}","EmpiricalBayes1 - Empirical Bayes, conditioning on past 4 wk",ILI Nowcasts,"{ILINet 2018 National Outpatient Illness and Viral Surveillance Data - Epidemiological Week 40,FluView Interactive Data 2017-2018,ILINet 2018 HHS Region 1 Outpatient Illness and Viral Surveillance Data - Epidemiological Week 40,FluView Interactive Data 2016-2017,FluView Interactive Data 2015-2016}"
MDC:FluSight11:inputs[1],"{10.5281/zenodo.2643814,10.5281/zenodo.2644020,10.5281/zenodo.2583145,10.5281/zenodo.2583143,10.5281/zenodo.2583216}","EmpiricalBayes2 - Empirical Bayes, epiforecast defaults",Disease Surveillance Data,"{ILINet 2018 National Outpatient Illness and Viral Surveillance Data - Epidemiological Week 40,ILINet 2018 HHS Region 1 Outpatient Illness and Viral Surveillance Data - Epidemiological Week 40,FluView Interactive Data 2015-2016,FluView Interactive Data 2016-2017,FluView Interactive Data 2017-2018}"
MDC:FluSight11:inputs[2],"{10.5281/zenodo.2583216,10.5281/zenodo.2643814,10.5281/zenodo.2583145,10.5281/zenodo.2644020,10.5281/zenodo.2583143}","EmpiricalBayes2 - Empirical Bayes, epiforecast defaults",ILI Nowcasts,"{FluView Interactive Data 2017-2018,ILINet 2018 National Outpatient Illness and Viral Surveillance Data - Epidemiological Week 40,FluView Interactive Data 2015-2016,ILINet 2018 HHS Region 1 Outpatient Illness and Viral Surveillance Data - Epidemiological Week 40,FluView Interactive Data 2016-2017}"
MDC:FluSight12:inputs[1],"{10.5281/zenodo.2583145,10.5281/zenodo.2583216,10.5281/zenodo.2643814,10.5281/zenodo.2644020,10.5281/zenodo.2583143}","EmpiricalFuture - Empirical futures, epiforecast defaults",Disease Surveillance Data,"{FluView Interactive Data 2015-2016,FluView Interactive Data 2017-2018,ILINet 2018 National Outpatient Illness and Viral Surveillance Data - Epidemiological Week 40,ILINet 2018 HHS Region 1 Outpatient Illness and Viral Surveillance Data - Epidemiological Week 40,FluView Interactive Data 2016-2017}"
MDC:FluSight12:inputs[2],"{10.5281/zenodo.2643814,10.5281/zenodo.2583216,10.5281/zenodo.2583143,10.5281/zenodo.2644020,10.5281/zenodo.2583145}","EmpiricalFuture - Empirical futures, epiforecast defaults",ILI Nowcasts,"{ILINet 2018 National Outpatient Illness and Viral Surveillance Data - Epidemiological Week 40,FluView Interactive Data 2017-2018,FluView Interactive Data 2016-2017,ILINet 2018 HHS Region 1 Outpatient Illness and Viral Surveillance Data - Epidemiological Week 40,FluView Interactive Data 2015-2016}"
MDC:FluSight13:inputs[1],"{10.5281/zenodo.2583143,10.5281/zenodo.2644020,10.5281/zenodo.2583145,10.5281/zenodo.2583216,10.5281/zenodo.2643814}","EmpiricalTraj - Empirical trajectories, epiforecast defaults",Disease Surveillance Data,"{FluView Interactive Data 2016-2017,ILINet 2018 HHS Region 1 Outpatient Illness and Viral Surveillance Data - Epidemiological Week 40,FluView Interactive Data 2015-2016,FluView Interactive Data 2017-2018,ILINet 2018 National Outpatient Illness and Viral Surveillance Data - Epidemiological Week 40}"
MDC:FluSight13:inputs[2],"{10.5281/zenodo.2643814,10.5281/zenodo.2583216,10.5281/zenodo.2583145,10.5281/zenodo.2583143,10.5281/zenodo.2644020}","EmpiricalTraj - Empirical trajectories, epiforecast defaults",ILI Nowcasts,"{ILINet 2018 National Outpatient Illness and Viral Surveillance Data - Epidemiological Week 40,FluView Interactive Data 2017-2018,FluView Interactive Data 2015-2016,FluView Interactive Data 2016-2017,ILINet 2018 HHS Region 1 Outpatient Illness and Viral Surveillance Data - Epidemiological Week 40}"
MDC:FluSight14:inputs[1],"{10.5281/zenodo.2583216,10.5281/zenodo.2643814,10.5281/zenodo.2583143,10.5281/zenodo.2644020,10.5281/zenodo.2583145}","DeltaDensity2 - Markovian Delta density, epiforecast defaults",Disease Surveillance Data,"{FluView Interactive Data 2017-2018,ILINet 2018 National Outpatient Illness and Viral Surveillance Data - Epidemiological Week 40,FluView Interactive Data 2016-2017,ILINet 2018 HHS Region 1 Outpatient Illness and Viral Surveillance Data - Epidemiological Week 40,FluView Interactive Data 2015-2016}"
MDC:FluSight14:inputs[2],"{10.5281/zenodo.2583145,10.5281/zenodo.2583216,10.5281/zenodo.2643814,10.5281/zenodo.2583143,10.5281/zenodo.2644020}","DeltaDensity2 - Markovian Delta density, epiforecast defaults",ILI Nowcasts,"{FluView Interactive Data 2015-2016,FluView Interactive Data 2017-2018,ILINet 2018 National Outpatient Illness and Viral Surveillance Data - Epidemiological Week 40,FluView Interactive Data 2016-2017,ILINet 2018 HHS Region 1 Outpatient Illness and Viral Surveillance Data - Epidemiological Week 40}"
MDC:FluSight15:inputs[1],"{10.5281/zenodo.2644020,10.5281/zenodo.2583216,10.5281/zenodo.2643814,10.5281/zenodo.2583143,10.5281/zenodo.2583145}",Uniform - Uniform distribution,Disease Surveillance Data,"{ILINet 2018 HHS Region 1 Outpatient Illness and Viral Surveillance Data - Epidemiological Week 40,FluView Interactive Data 2017-2018,ILINet 2018 National Outpatient Illness and Viral Surveillance Data - Epidemiological Week 40,FluView Interactive Data 2016-2017,FluView Interactive Data 2015-2016}"
MDC:FluSight16:inputs[1],"{10.5281/zenodo.2583143,10.5281/zenodo.2644020,10.5281/zenodo.2583145,10.5281/zenodo.2583216,10.5281/zenodo.2643814}","Stat - Ensemble, combination of 8 Delphi models",Disease Surveillance Data,"{FluView Interactive Data 2016-2017,ILINet 2018 HHS Region 1 Outpatient Illness and Viral Surveillance Data - Epidemiological Week 40,FluView Interactive Data 2015-2016,FluView Interactive Data 2017-2018,ILINet 2018 National Outpatient Illness and Viral Surveillance Data - Epidemiological Week 40}"
MDC:FluSight17:inputs[1],"{10.5281/zenodo.2583216,10.5281/zenodo.2643814,10.5281/zenodo.2583145,10.5281/zenodo.2644020,10.5281/zenodo.2583143}",DBM - Dynamic Bayesian SIR model with discrepancy,Disease Surveillance Data,"{FluView Interactive Data 2017-2018,ILINet 2018 National Outpatient Illness and Viral Surveillance Data - Epidemiological Week 40,FluView Interactive Data 2015-2016,ILINet 2018 HHS Region 1 Outpatient Illness and Viral Surveillance Data - Epidemiological Week 40,FluView Interactive Data 2016-2017}"
MDC:FluSight18:inputs[1],"{10.5281/zenodo.2643814,10.5281/zenodo.2583216,10.5281/zenodo.2583145,10.5281/zenodo.2644020,10.5281/zenodo.2583143}",KCDE - Kernel conditional density estimation,Disease Surveillance Data,"{ILINet 2018 National Outpatient Illness and Viral Surveillance Data - Epidemiological Week 40,FluView Interactive Data 2017-2018,FluView Interactive Data 2015-2016,ILINet 2018 HHS Region 1 Outpatient Illness and Viral Surveillance Data - Epidemiological Week 40,FluView Interactive Data 2016-2017}"
MDC:FluSight19:inputs[1],"{10.5281/zenodo.2583143,10.5281/zenodo.2643814,10.5281/zenodo.2583216,10.5281/zenodo.2583145,10.5281/zenodo.2644020}",KDE - Kernel density estimation and penalized splines,Disease Surveillance Data,"{FluView Interactive Data 2016-2017,ILINet 2018 National Outpatient Illness and Viral Surveillance Data - Epidemiological Week 40,FluView Interactive Data 2017-2018,FluView Interactive Data 2015-2016,ILINet 2018 HHS Region 1 Outpatient Illness and Viral Surveillance Data - Epidemiological Week 40}"
MDC:FluSight1:inputs[1],"{10.5281/zenodo.2583145,10.5281/zenodo.2583216,10.5281/zenodo.2643814,10.5281/zenodo.2644020,10.5281/zenodo.2583143}",EAKFC SEIRS - Ensemble adjustment Kalman filter SEIRS,Disease Surveillance Data,"{FluView Interactive Data 2015-2016,FluView Interactive Data 2017-2018,ILINet 2018 National Outpatient Illness and Viral Surveillance Data - Epidemiological Week 40,ILINet 2018 HHS Region 1 Outpatient Illness and Viral Surveillance Data - Epidemiological Week 40,FluView Interactive Data 2016-2017}"
MDC:FluSight1:inputs[2],"{10.5281/zenodo.2583145,10.5281/zenodo.2583143,10.5281/zenodo.2644020,10.5281/zenodo.2583216,10.5281/zenodo.2643814}",EAKFC SEIRS - Ensemble adjustment Kalman filter SEIRS,ILI Nowcasts,"{FluView Interactive Data 2015-2016,FluView Interactive Data 2016-2017,ILINet 2018 HHS Region 1 Outpatient Illness and Viral Surveillance Data - Epidemiological Week 40,FluView Interactive Data 2017-2018,ILINet 2018 National Outpatient Illness and Viral Surveillance Data - Epidemiological Week 40}"
MDC:FluSight1:inputs[3],"{10.5281/zenodo.2583143,10.5281/zenodo.2643814,10.5281/zenodo.2583216,10.5281/zenodo.2583145,10.5281/zenodo.2644020}",EAKFC SEIRS - Ensemble adjustment Kalman filter SEIRS,Historical Humidity Data,"{FluView Interactive Data 2016-2017,ILINet 2018 National Outpatient Illness and Viral Surveillance Data - Epidemiological Week 40,FluView Interactive Data 2017-2018,FluView Interactive Data 2015-2016,ILINet 2018 HHS Region 1 Outpatient Illness and Viral Surveillance Data - Epidemiological Week 40}"
MDC:FluSight20:inputs[1],"{10.5281/zenodo.2643814,10.5281/zenodo.2644020,10.5281/zenodo.2583145,10.5281/zenodo.2583216,10.5281/zenodo.2583143}",SARIMA1 - SARIMA model without seasonal differencing,Disease Surveillance Data,"{ILINet 2018 National Outpatient Illness and Viral Surveillance Data - Epidemiological Week 40,ILINet 2018 HHS Region 1 Outpatient Illness and Viral Surveillance Data - Epidemiological Week 40,FluView Interactive Data 2015-2016,FluView Interactive Data 2017-2018,FluView Interactive Data 2016-2017}"
MDC:FluSight21:inputs[1],"{10.5281/zenodo.2644020,10.5281/zenodo.2583143,10.5281/zenodo.2643814,10.5281/zenodo.2583216,10.5281/zenodo.2583145}",SARIMA2 - SARIMA model with seasonal differencing,Disease Surveillance Data,"{ILINet 2018 HHS Region 1 Outpatient Illness and Viral Surveillance Data - Epidemiological Week 40,FluView Interactive Data 2016-2017,ILINet 2018 National Outpatient Illness and Viral Surveillance Data - Epidemiological Week 40,FluView Interactive Data 2017-2018,FluView Interactive Data 2015-2016}"
MDC:FluSight22:inputs[1],"{10.5281/zenodo.2583145,10.5281/zenodo.2583143,10.5281/zenodo.2644020,10.5281/zenodo.2643814,10.5281/zenodo.2583216}",EDM - Empirical dynamic model or method of analogues,Disease Surveillance Data,"{FluView Interactive Data 2015-2016,FluView Interactive Data 2016-2017,ILINet 2018 HHS Region 1 Outpatient Illness and Viral Surveillance Data - Epidemiological Week 40,ILINet 2018 National Outpatient Illness and Viral Surveillance Data - Epidemiological Week 40,FluView Interactive Data 2017-2018}"
MDC:FluSight2:inputs[1],"{10.5281/zenodo.2583143,10.5281/zenodo.2644020,10.5281/zenodo.2583145,10.5281/zenodo.2583216,10.5281/zenodo.2643814}",EAKFC SIRS - Ensemble adjustment Kalman filter SIRS,Disease Surveillance Data,"{FluView Interactive Data 2016-2017,ILINet 2018 HHS Region 1 Outpatient Illness and Viral Surveillance Data - Epidemiological Week 40,FluView Interactive Data 2015-2016,FluView Interactive Data 2017-2018,ILINet 2018 National Outpatient Illness and Viral Surveillance Data - Epidemiological Week 40}"
MDC:FluSight2:inputs[2],"{10.5281/zenodo.2583145,10.5281/zenodo.2583143,10.5281/zenodo.2643814,10.5281/zenodo.2583216,10.5281/zenodo.2644020}",EAKFC SIRS - Ensemble adjustment Kalman filter SIRS,ILI Nowcasts,"{FluView Interactive Data 2015-2016,FluView Interactive Data 2016-2017,ILINet 2018 National Outpatient Illness and Viral Surveillance Data - Epidemiological Week 40,FluView Interactive Data 2017-2018,ILINet 2018 HHS Region 1 Outpatient Illness and Viral Surveillance Data - Epidemiological Week 40}"
MDC:FluSight2:inputs[3],"{10.5281/zenodo.2644020,10.5281/zenodo.2583145,10.5281/zenodo.2643814,10.5281/zenodo.2583216,10.5281/zenodo.2583143}",EAKFC SIRS - Ensemble adjustment Kalman filter SIRS,Historical Humidity Data,"{ILINet 2018 HHS Region 1 Outpatient Illness and Viral Surveillance Data - Epidemiological Week 40,FluView Interactive Data 2015-2016,ILINet 2018 National Outpatient Illness and Viral Surveillance Data - Epidemiological Week 40,FluView Interactive Data 2017-2018,FluView Interactive Data 2016-2017}"
MDC:FluSight3:inputs[1],"{10.5281/zenodo.2643814,10.5281/zenodo.2583145,10.5281/zenodo.2583143,10.5281/zenodo.2644020,10.5281/zenodo.2583216}",EKF SEIRS - Ensemble Kalman filter SEIRS,Disease Surveillance Data,"{ILINet 2018 National Outpatient Illness and Viral Surveillance Data - Epidemiological Week 40,FluView Interactive Data 2015-2016,FluView Interactive Data 2016-2017,ILINet 2018 HHS Region 1 Outpatient Illness and Viral Surveillance Data - Epidemiological Week 40,FluView Interactive Data 2017-2018}"
MDC:FluSight3:inputs[2],"{10.5281/zenodo.2643814,10.5281/zenodo.2583143,10.5281/zenodo.2644020,10.5281/zenodo.2583145,10.5281/zenodo.2583216}",EKF SEIRS - Ensemble Kalman filter SEIRS,ILI Nowcasts,"{ILINet 2018 National Outpatient Illness and Viral Surveillance Data - Epidemiological Week 40,FluView Interactive Data 2016-2017,ILINet 2018 HHS Region 1 Outpatient Illness and Viral Surveillance Data - Epidemiological Week 40,FluView Interactive Data 2015-2016,FluView Interactive Data 2017-2018}"
MDC:FluSight3:inputs[3],"{10.5281/zenodo.2583145,10.5281/zenodo.2644020,10.5281/zenodo.2583216,10.5281/zenodo.2643814,10.5281/zenodo.2583143}",EKF SEIRS - Ensemble Kalman filter SEIRS,Historical Humidity Data,"{FluView Interactive Data 2015-2016,ILINet 2018 HHS Region 1 Outpatient Illness and Viral Surveillance Data - Epidemiological Week 40,FluView Interactive Data 2017-2018,ILINet 2018 National Outpatient Illness and Viral Surveillance Data - Epidemiological Week 40,FluView Interactive Data 2016-2017}"
MDC:FluSight4:inputs[1],"{10.5281/zenodo.2583143,10.5281/zenodo.2643814,10.5281/zenodo.2583216,10.5281/zenodo.2644020,10.5281/zenodo.2583145}",EKF SIRS - Ensemble Kalman filter SIRS,Disease Surveillance Data,"{FluView Interactive Data 2016-2017,ILINet 2018 National Outpatient Illness and Viral Surveillance Data - Epidemiological Week 40,FluView Interactive Data 2017-2018,ILINet 2018 HHS Region 1 Outpatient Illness and Viral Surveillance Data - Epidemiological Week 40,FluView Interactive Data 2015-2016}"
MDC:FluSight4:inputs[2],"{10.5281/zenodo.2643814,10.5281/zenodo.2583216,10.5281/zenodo.2583145,10.5281/zenodo.2644020,10.5281/zenodo.2583143}",EKF SIRS - Ensemble Kalman filter SIRS,ILI Nowcasts,"{ILINet 2018 National Outpatient Illness and Viral Surveillance Data - Epidemiological Week 40,FluView Interactive Data 2017-2018,FluView Interactive Data 2015-2016,ILINet 2018 HHS Region 1 Outpatient Illness and Viral Surveillance Data - Epidemiological Week 40,FluView Interactive Data 2016-2017}"
MDC:FluSight4:inputs[3],"{10.5281/zenodo.2583143,10.5281/zenodo.2644020,10.5281/zenodo.2583145,10.5281/zenodo.2583216,10.5281/zenodo.2643814}",EKF SIRS - Ensemble Kalman filter SIRS,Historical Humidity Data,"{FluView Interactive Data 2016-2017,ILINet 2018 HHS Region 1 Outpatient Illness and Viral Surveillance Data - Epidemiological Week 40,FluView Interactive Data 2015-2016,FluView Interactive Data 2017-2018,ILINet 2018 National Outpatient Illness and Viral Surveillance Data - Epidemiological Week 40}"
MDC:FluSight5:inputs[1],"{10.5281/zenodo.2644020,10.5281/zenodo.2583216,10.5281/zenodo.2643814,10.5281/zenodo.2583145,10.5281/zenodo.2583143}",RHF SEIRS - Rank histogram filter SEIRS,Disease Surveillance Data,"{ILINet 2018 HHS Region 1 Outpatient Illness and Viral Surveillance Data - Epidemiological Week 40,FluView Interactive Data 2017-2018,ILINet 2018 National Outpatient Illness and Viral Surveillance Data - Epidemiological Week 40,FluView Interactive Data 2015-2016,FluView Interactive Data 2016-2017}"
MDC:FluSight5:inputs[2],"{10.5281/zenodo.2583143,10.5281/zenodo.2643814,10.5281/zenodo.2583216,10.5281/zenodo.2583145,10.5281/zenodo.2644020}",RHF SEIRS - Rank histogram filter SEIRS,ILI Nowcasts,"{FluView Interactive Data 2016-2017,ILINet 2018 National Outpatient Illness and Viral Surveillance Data - Epidemiological Week 40,FluView Interactive Data 2017-2018,FluView Interactive Data 2015-2016,ILINet 2018 HHS Region 1 Outpatient Illness and Viral Surveillance Data - Epidemiological Week 40}"
MDC:FluSight5:inputs[3],"{10.5281/zenodo.2643814,10.5281/zenodo.2583216,10.5281/zenodo.2583145,10.5281/zenodo.2644020,10.5281/zenodo.2583143}",RHF SEIRS - Rank histogram filter SEIRS,Historical Humidity Data,"{ILINet 2018 National Outpatient Illness and Viral Surveillance Data - Epidemiological Week 40,FluView Interactive Data 2017-2018,FluView Interactive Data 2015-2016,ILINet 2018 HHS Region 1 Outpatient Illness and Viral Surveillance Data - Epidemiological Week 40,FluView Interactive Data 2016-2017}"
MDC:FluSight6:inputs[1],"{10.5281/zenodo.2583143,10.5281/zenodo.2644020,10.5281/zenodo.2583145,10.5281/zenodo.2583216,10.5281/zenodo.2643814}",RHF SIRS - Rank histogram filter SIRS,Disease Surveillance Data,"{FluView Interactive Data 2016-2017,ILINet 2018 HHS Region 1 Outpatient Illness and Viral Surveillance Data - Epidemiological Week 40,FluView Interactive Data 2015-2016,FluView Interactive Data 2017-2018,ILINet 2018 National Outpatient Illness and Viral Surveillance Data - Epidemiological Week 40}"
MDC:FluSight6:inputs[2],"{10.5281/zenodo.2644020,10.5281/zenodo.2583143,10.5281/zenodo.2583145,10.5281/zenodo.2583216,10.5281/zenodo.2643814}",RHF SIRS - Rank histogram filter SIRS,ILI Nowcasts,"{ILINet 2018 HHS Region 1 Outpatient Illness and Viral Surveillance Data - Epidemiological Week 40,FluView Interactive Data 2016-2017,FluView Interactive Data 2015-2016,FluView Interactive Data 2017-2018,ILINet 2018 National Outpatient Illness and Viral Surveillance Data - Epidemiological Week 40}"
MDC:FluSight6:inputs[3],"{10.5281/zenodo.2644020,10.5281/zenodo.2643814,10.5281/zenodo.2583216,10.5281/zenodo.2583145,10.5281/zenodo.2583143}",RHF SIRS - Rank histogram filter SIRS,Historical Humidity Data,"{ILINet 2018 HHS Region 1 Outpatient Illness and Viral Surveillance Data - Epidemiological Week 40,ILINet 2018 National Outpatient Illness and Viral Surveillance Data - Epidemiological Week 40,FluView Interactive Data 2017-2018,FluView Interactive Data 2015-2016,FluView Interactive Data 2016-2017}"
MDC:FluSight7:inputs[1],"{10.5281/zenodo.2583145,10.5281/zenodo.2644020,10.5281/zenodo.2643814,10.5281/zenodo.2583143,10.5281/zenodo.2583216}",BMA - Bayesian model averaging,Disease Surveillance Data,"{FluView Interactive Data 2015-2016,ILINet 2018 HHS Region 1 Outpatient Illness and Viral Surveillance Data - Epidemiological Week 40,ILINet 2018 National Outpatient Illness and Viral Surveillance Data - Epidemiological Week 40,FluView Interactive Data 2016-2017,FluView Interactive Data 2017-2018}"
MDC:FluSight7:inputs[2],"{10.5281/zenodo.2643814,10.5281/zenodo.2583145,10.5281/zenodo.2583216,10.5281/zenodo.2644020,10.5281/zenodo.2583143}",BMA - Bayesian model averaging,ILI Nowcasts,"{ILINet 2018 National Outpatient Illness and Viral Surveillance Data - Epidemiological Week 40,FluView Interactive Data 2015-2016,FluView Interactive Data 2017-2018,ILINet 2018 HHS Region 1 Outpatient Illness and Viral Surveillance Data - Epidemiological Week 40,FluView Interactive Data 2016-2017}"
MDC:FluSight7:inputs[3],"{10.5281/zenodo.2583143,10.5281/zenodo.2644020,10.5281/zenodo.2583145,10.5281/zenodo.2583216,10.5281/zenodo.2643814}",BMA - Bayesian model averaging,Historical Humidity Data,"{FluView Interactive Data 2016-2017,ILINet 2018 HHS Region 1 Outpatient Illness and Viral Surveillance Data - Epidemiological Week 40,FluView Interactive Data 2015-2016,FluView Interactive Data 2017-2018,ILINet 2018 National Outpatient Illness and Viral Surveillance Data - Epidemiological Week 40}"
MDC:FluSight8:inputs[1],"{10.5281/zenodo.2583216,10.5281/zenodo.2643814,10.5281/zenodo.2644020,10.5281/zenodo.2583143,10.5281/zenodo.2583145}","BasisRegression - Basis regression, epiforecast defaults",Disease Surveillance Data,"{FluView Interactive Data 2017-2018,ILINet 2018 National Outpatient Illness and Viral Surveillance Data - Epidemiological Week 40,ILINet 2018 HHS Region 1 Outpatient Illness and Viral Surveillance Data - Epidemiological Week 40,FluView Interactive Data 2016-2017,FluView Interactive Data 2015-2016}"
MDC:FluSight8:inputs[2],"{10.5281/zenodo.2643814,10.5281/zenodo.2583216,10.5281/zenodo.2583145,10.5281/zenodo.2644020,10.5281/zenodo.2583143}","BasisRegression - Basis regression, epiforecast defaults",ILI Nowcasts,"{ILINet 2018 National Outpatient Illness and Viral Surveillance Data - Epidemiological Week 40,FluView Interactive Data 2017-2018,FluView Interactive Data 2015-2016,ILINet 2018 HHS Region 1 Outpatient Illness and Viral Surveillance Data - Epidemiological Week 40,FluView Interactive Data 2016-2017}"
MDC:FluSight9:inputs[1],"{10.5281/zenodo.2643814,10.5281/zenodo.2583216,10.5281/zenodo.2583145,10.5281/zenodo.2644020,10.5281/zenodo.2583143}","DeltaDensity1 - Delta density, epiforecast defaults",Disease Surveillance Data,"{ILINet 2018 National Outpatient Illness and Viral Surveillance Data - Epidemiological Week 40,FluView Interactive Data 2017-2018,FluView Interactive Data 2015-2016,ILINet 2018 HHS Region 1 Outpatient Illness and Viral Surveillance Data - Epidemiological Week 40,FluView Interactive Data 2016-2017}"
MDC:FluSight9:inputs[2],"{10.5281/zenodo.2643814,10.5281/zenodo.2583145,10.5281/zenodo.2644020,10.5281/zenodo.2583143,10.5281/zenodo.2583216}","DeltaDensity1 - Delta density, epiforecast defaults",ILI Nowcasts,"{ILINet 2018 National Outpatient Illness and Viral Surveillance Data - Epidemiological Week 40,FluView Interactive Data 2015-2016,ILINet 2018 HHS Region 1 Outpatient Illness and Viral Surveillance Data - Epidemiological Week 40,FluView Interactive Data 2016-2017,FluView Interactive Data 2017-2018}"
MDC:flusight-forecast-validator-v1:inputs[1],{},FluSight Forecast Validator,Disease Surveillance Data,{}
MDC:flute-commit7b0d2b:inputs[1],"{10.5281/zenodo.2642246,10.5281/zenodo.2642242,10.5281/zenodo.2642260}",FluTE,Synthetic Ecosystem,"{Seattle,Los Angeles County,United States of America (the)}"
MDC:flute-commit7b0d2b:inputs[2],{},FluTE,Model Parameters,{}
MDC:fred-v2.12.0:inputs[1],"{http://www.epimodels.org/drupal/?q=node/81,http://www.epimodels.org/drupal/?q=node/80}",FRED,Synthetic Ecosystem,"{2010 U.S. Synthetic Populations by County,2010 U.S. Synthetic Populations by State}"
MDC:fred-v2.12.0:inputs[2],{},FRED,Model Parameters,{}
MDC:global-epidemic-simualtor-v1.0b:inputs[1],{},Global Epidemic Simulator,Synthetic Ecosystem,{}
MDC:global-epidemic-simualtor-v1.0b:inputs[2],{},Global Epidemic Simulator,Model Parameters,{}
MDC:hiv-trace-v0.3.0:inputs[1],{},HIV-TRACE,Biological Sequence Data,{}
MDC:hyphy-v2.2.6:inputs[1],{},HyPhy,Tree Alignment Data,{}
MDC:hyphy-v2.2.6:inputs[2],{},HyPhy,Phylogeny Data,{}
MDC:hyphy-v2.2.6:inputs[3],{},HyPhy,Data Matrix and Tree Block Data,{}
MDC:nextflu-v1.0:inputs[1],{},nextflu,Biological Sequence Data,{}
MDC:nextstrain-organization:inputs[1],{},nextstrain organization,Biological Sequence Data,{}
MDC:open-malaria-v32:inputs[1],{},Open Malaria,Model Parameters,{}
MDC:open-malaria-v33.1:inputs[1],{},Open Malaria,Model Parameters,{}
MDC:open-malaria-v36.11:inputs[1],{},Open Malaria,Model Parameters,{}
MDC:outbreaker-v1.1.7:inputs[1],{},outbreaker,Biological Sequence Data,{}
MDC:phyml-v3.0:inputs[1],{},PhyML,Biological Sequence Data,{}
MDC:synthetic-microdata-household-viewer-v2010:inputs[1],"{http://www.epimodels.org/drupal/?q=node/80,http://www.epimodels.org/drupal/?q=node/81}",Synthetic Microdata Household Viewer,Synthetic Ecosystem,"{2010 U.S. Synthetic Populations by State,2010 U.S. Synthetic Populations by County}"
MDC:transtat-v3-july-2015:inputs[1],{},TranStat,Community File,{}
MDC:transtat-v3-july-2015:inputs[2],{},TranStat,Population File,{}
MDC:transtat-v3-july-2015:inputs[3],{},TranStat,Community to Person Contact File,{}
MDC:transtat-v3-july-2015:inputs[4],{},TranStat,Person to Person Contact File,{}
MDC:transtat-v3-july-2015:inputs[5],{},TranStat,Time Independent Covariate File,{}
MDC:transtat-v3-july-2015:inputs[6],{},TranStat,Time Dependent Covariate File,{}
MDC:transtat-v3-july-2015:inputs[7],{},TranStat,Imputation File,{}
MDC:transtat-v3-july-2015:inputs[8],{},TranStat,Configuration File,{}
MDC:tycho-v2.0:inputs[1],{},Project Tycho Repository - web app and API,Web Service Parameters,{}
MDC:zika-in-childbearing-women-v1.0:inputs[1],{},Zika virus infections in childbearing women in the Americas,Model Parameters,{}